{
  "personal": {
    "employment_status": {
      "type": "categorical",
      "probs": {
        "在职": 0.6002857142857143,
        "个体经营": 0.15528571428571428,
        "自由职业": 0.14814285714285713,
        "退休": 0.05071428571428571,
        "待业": 0.04557142857142857
      }
    },
    "education_level": {
      "type": "categorical",
      "probs": {
        "本科": 0.30142857142857143,
        "大专": 0.247,
        "高中": 0.194,
        "硕士": 0.10442857142857143,
        "初中及以下": 0.10314285714285715,
        "博士": 0.05
      }
    },
    "marital_status": {
      "type": "categorical",
      "probs": {
        "已婚": 0.5027142857142857,
        "未婚": 0.2958571428571429,
        "离异": 0.15014285714285713,
        "丧偶": 0.05128571428571429
      }
    },
    "has_collateral": {
      "type": "bernoulli",
      "prob": 0.30242857142857144
    }
  },
  "corporate": {
    "industry": {
      "type": "categorical",
      "probs": {
        "服务业": 0.109,
        "金融业": 0.10166666666666667,
        "医疗": 0.10133333333333333,
        "餐饮": 0.10033333333333333,
        "教育": 0.09966666666666667,
        "制造业": 0.09833333333333333,
        "建筑业": 0.09833333333333333,
        "房地产业": 0.098,
        "IT/互联网": 0.098,
        "零售业": 0.09533333333333334
      }
    },
    "company_size": {
      "type": "categorical",
      "probs": {
        "small": 0.727,
        "medium": 0.248,
        "large": 0.025
      }
    }
  }
}